"RESU_SIGM_NOEU_Vector:0","RESU_SIGM_NOEU_Vector:1","RESU_SIGM_NOEU_Vector:2","RESU_DEPL:0","RESU_DEPL:1","RESU_DEPL:2","RESU_EPSI_NOEU:0","RESU_EPSI_NOEU:1","RESU_EPSI_NOEU:2","RESU_EPSI_NOEU:3","RESU_EPSI_NOEU:4","RESU_EPSI_NOEU:5","RESU_EPSI_NOEU_Vector:0","RESU_EPSI_NOEU_Vector:1","RESU_EPSI_NOEU_Vector:2","RESU_SIEQ_NOEU:0","RESU_SIEQ_NOEU:1","RESU_SIEQ_NOEU:2","RESU_SIEQ_NOEU:3","RESU_SIEQ_NOEU:4","RESU_SIEQ_NOEU:5","RESU_SIEQ_NOEU:6","RESU_SIEQ_NOEU:7","RESU_SIEQ_NOEU:8","RESU_SIEQ_NOEU:9","RESU_SIEQ_NOEU:10","RESU_SIEQ_NOEU:11","RESU_SIEQ_NOEU:12","RESU_SIEQ_NOEU:13","RESU_SIEQ_NOEU:14","RESU_SIEQ_NOEU:15","RESU_SIEQ_NOEU:16","RESU_SIEQ_NOEU_Vector:0","RESU_SIEQ_NOEU_Vector:1","RESU_SIEQ_NOEU_Vector:2","RESU_SIGM_NOEU:0","RESU_SIGM_NOEU:1","RESU_SIGM_NOEU:2","RESU_SIGM_NOEU:3","RESU_SIGM_NOEU:4","RESU_SIGM_NOEU:5","MED_POINT_ID","MED_CELL_ID","vtkValidPointMask","arc_length","Points:0","Points:1","Points:2"
-1.69811e+01,-8.69821e+00,4.34992e+01,-5.42517e-03,3.06873e-20,-1.50079e-19,-1.30578e-04,-7.93031e-05,2.43824e-04,-3.32430e-06,-4.00905e-06,4.67035e-06,-1.30578e-04,-7.93031e-05,2.43824e-04,5.69432e+01,6.07852e+01,-1.72646e+01,-8.43602e+00,4.35206e+01,5.37512e+01,9.03837e-01,1.29994e-01,9.27277e-03,6.84938e-02,8.17134e-01,-1.46348e-02,-1.13212e-02,1.49301e-02,9.99751e-01,1.78199e+01,1.02537e-01,5.69432e+01,6.07852e+01,-1.72646e+01,-1.69811e+01,-8.69821e+00,4.34992e+01,-5.37002e-01,-6.47616e-01,7.54441e-01,0,6939,1,0.00000e+00,1.05000e+02,0.00000e+00,0.00000e+00
-1.71142e+01,-8.46792e+00,4.41935e+01,-5.43147e-03,2.61657e-20,2.09560e-04,-1.32533e-04,-7.90081e-05,2.46991e-04,-2.92611e-06,-3.93602e-06,4.24535e-06,-1.32533e-04,-7.90081e-05,2.46991e-04,5.76061e+01,6.15608e+01,-1.73420e+01,-8.26547e+00,4.42188e+01,5.51542e+01,9.25853e-01,1.04580e-01,1.00388e-02,4.78740e-02,8.59286e-01,-1.31537e-02,-1.17619e-02,1.35232e-02,9.99727e-01,1.86114e+01,1.06474e-01,5.76061e+01,6.15608e+01,-1.73420e+01,-1.71142e+01,-8.46792e+00,4.41935e+01,-4.72680e-01,-6.35818e-01,6.85787e-01,0,6939,1,9.00000e-01,1.05000e+02,0.00000e+00,9.00000e-01
-1.72440e+01,-8.21548e+00,4.49661e+01,-5.43388e-03,2.14080e-20,4.24920e-04,-1.34615e-04,-7.87244e-05,2.50495e-04,-2.56980e-06,-3.89183e-06,3.83643e-06,-1.34615e-04,-7.87244e-05,2.50495e-04,5.83407e+01,6.24182e+01,-1.74220e+01,-8.06743e+00,4.49961e+01,5.65625e+01,9.45889e-01,8.14524e-02,1.07380e-02,2.91017e-02,8.97657e-01,-1.17382e-02,-1.21586e-02,1.21709e-02,9.99700e-01,1.95067e+01,1.10575e-01,5.83407e+01,6.24182e+01,-1.74220e+01,-1.72440e+01,-8.21548e+00,4.49661e+01,-4.15121e-01,-6.28680e-01,6.19731e-01,0,6939,1,1.80000e+00,1.05000e+02,0.00000e+00,1.80000e+00
-1.73704e+01,-7.94090e+00,4.58171e+01,-5.43239e-03,1.64141e-20,6.46079e-04,-1.36825e-04,-7.84519e-05,2.54336e-04,-2.25535e-06,-3.87649e-06,3.44358e-06,-1.36825e-04,-7.84519e-05,2.54336e-04,5.91471e+01,6.33573e+01,-1.75048e+01,-7.84192e+00,4.58525e+01,5.79761e+01,9.63946e-01,6.06099e-02,1.13704e-02,1.21767e-02,9.32245e-01,-1.03884e-02,-1.25113e-02,1.08731e-02,9.99670e-01,2.05058e+01,1.14840e-01,5.91471e+01,6.33573e+01,-1.75048e+01,-1.73704e+01,-7.94090e+00,4.58171e+01,-3.64326e-01,-6.26202e-01,5.56270e-01,0,6939,1,2.70000e+00,1.05000e+02,0.00000e+00,2.70000e+00
-1.74935e+01,-7.64416e+00,4.67464e+01,-5.42700e-03,1.11841e-20,8.73038e-04,-1.39163e-04,-7.81905e-05,2.58513e-04,-1.98278e-06,-3.89000e-06,3.06680e-06,-1.39163e-04,-7.81905e-05,2.58513e-04,6.00253e+01,6.43782e+01,-1.75903e+01,-7.58894e+00,4.67879e+01,5.93951e+01,9.80024e-01,4.20530e-02,1.19360e-02,-2.90090e-03,9.63051e-01,-9.10421e-03,-1.28200e-02,9.62984e-03,9.99636e-01,2.16087e+01,1.19269e-01,6.00253e+01,6.43782e+01,-1.75903e+01,-1.74935e+01,-7.64416e+00,4.67464e+01,-3.20295e-01,-6.28384e-01,4.95406e-01,0,6939,1,3.60000e+00,1.05000e+02,0.00000e+00,3.60000e+00
-1.76133e+01,-7.32528e+00,4.77540e+01,-5.41772e-03,5.71792e-21,1.10580e-03,-1.41628e-04,-7.79404e-05,2.63026e-04,-1.75207e-06,-3.93235e-06,2.70610e-06,-1.41628e-04,-7.79404e-05,2.63026e-04,6.09752e+01,6.54809e+01,-1.76785e+01,-7.30847e+00,4.78024e+01,6.08194e+01,9.94122e-01,2.57815e-02,1.24348e-02,-1.61311e-02,9.90074e-01,-7.88565e-03,-1.30847e-02,8.44108e-03,9.99599e-01,2.28154e+01,1.23863e-01,6.09752e+01,6.54809e+01,-1.76785e+01,-1.76133e+01,-7.32528e+00,4.77540e+01,-2.83027e-01,-6.35226e-01,4.37139e-01,0,6939,1,4.50000e+00,1.05000e+02,0.00000e+00,4.50000e+00
-1.77297e+01,-6.98425e+00,4.88399e+01,-5.40454e-03,1.56138e-23,1.34435e-03,-1.44221e-04,-7.77015e-05,2.67877e-04,-1.56324e-06,-4.00356e-06,2.36147e-06,-1.44221e-04,-7.77015e-05,2.67877e-04,6.19969e+01,6.66654e+01,-1.77694e+01,-7.00052e+00,4.88959e+01,6.22491e+01,1.00624e+00,1.17955e-02,1.28668e-02,-2.75139e-02,1.01331e+00,-6.73272e-03,-1.33054e-02,7.30683e-03,9.99559e-01,2.41260e+01,1.28620e-01,6.19969e+01,6.66654e+01,-1.77694e+01,-1.77297e+01,-6.98425e+00,4.88399e+01,-2.52523e-01,-6.46728e-01,3.81468e-01,0,6939,1,5.40000e+00,1.05000e+02,0.00000e+00,5.40000e+00
-1.78427e+01,-6.62107e+00,5.00042e+01,-5.38747e-03,-5.92283e-21,1.58871e-03,-1.46941e-04,-7.74738e-05,2.73063e-04,-1.41627e-06,-4.10361e-06,2.03291e-06,-1.46941e-04,-7.74738e-05,2.73063e-04,6.30904e+01,6.79316e+01,-1.78631e+01,-6.66510e+00,5.00685e+01,6.36841e+01,1.01638e+00,9.50673e-05,1.32320e-02,-3.70494e-02,1.03277e+00,-5.64543e-03,-1.34821e-02,6.22711e-03,9.99516e-01,2.55404e+01,1.33542e-01,6.30904e+01,6.79316e+01,-1.78631e+01,-1.78427e+01,-6.62107e+00,5.00042e+01,-2.28783e-01,-6.62890e-01,3.28393e-01,0,6939,1,6.30000e+00,1.05000e+02,0.00000e+00,6.30000e+00
-1.79524e+01,-6.23574e+00,5.12467e+01,-5.36650e-03,-1.20974e-20,1.83887e-03,-1.49789e-04,-7.72573e-05,2.78587e-04,-1.31118e-06,-4.23250e-06,1.72043e-06,-1.49789e-04,-7.72573e-05,2.78587e-04,6.42557e+01,6.92796e+01,-1.79594e+01,-6.30219e+00,5.13202e+01,6.51244e+01,1.02454e+00,-9.31990e-03,1.35304e-02,-4.47375e-02,1.04845e+00,-4.62377e-03,-1.36149e-02,5.20190e-03,9.99470e-01,2.70585e+01,1.38628e-01,6.42557e+01,6.92796e+01,-1.79594e+01,-1.79524e+01,-6.23574e+00,5.12467e+01,-2.11806e-01,-6.83712e-01,2.77915e-01,0,6939,1,7.20000e+00,1.05000e+02,0.00000e+00,7.20000e+00
-1.80588e+01,-5.82826e+00,5.25676e+01,-5.34164e-03,-1.85081e-20,2.09483e-03,-1.52765e-04,-7.70519e-05,2.84447e-04,-1.24795e-06,-4.39025e-06,1.42402e-06,-1.52765e-04,-7.70519e-05,2.84447e-04,6.54927e+01,7.07094e+01,-1.80585e+01,-5.91181e+00,5.26509e+01,6.65701e+01,1.03072e+00,-1.64494e-02,1.37620e-02,-5.05782e-02,1.06034e+00,-3.66775e-03,-1.37036e-02,4.23122e-03,9.99420e-01,2.86806e+01,1.43877e-01,6.54927e+01,7.07094e+01,-1.80585e+01,-1.80588e+01,-5.82826e+00,5.25676e+01,-2.01592e-01,-7.09194e-01,2.30034e-01,0,6939,1,8.10000e+00,1.05000e+02,0.00000e+00,8.10000e+00
-1.81619e+01,-5.39863e+00,5.39669e+01,-5.31288e-03,-2.51550e-20,2.35658e-03,-1.55868e-04,-7.68578e-05,2.90643e-04,-1.22660e-06,-4.57684e-06,1.14368e-06,-1.55868e-04,-7.68578e-05,2.90643e-04,6.68015e+01,7.22209e+01,-1.81603e+01,-5.49394e+00,5.40606e+01,6.80211e+01,1.03492e+00,-2.12934e-02,1.39267e-02,-5.45715e-02,1.06846e+00,-2.77736e-03,-1.37483e-02,3.31505e-03,9.99367e-01,3.04064e+01,1.49291e-01,6.68015e+01,7.22209e+01,-1.81603e+01,-1.81619e+01,-5.39863e+00,5.39669e+01,-1.98143e-01,-7.39336e-01,1.84749e-01,0,6939,1,9.00000e+00,1.05000e+02,0.00000e+00,9.00000e+00
-1.82615e+01,-4.94686e+00,5.54444e+01,-5.28022e-03,-3.20380e-20,2.62414e-03,-1.59099e-04,-7.66749e-05,2.97176e-04,-1.24711e-06,-4.79228e-06,8.79418e-07,-1.59099e-04,-7.66749e-05,2.97176e-04,6.81821e+01,7.38143e+01,-1.82648e+01,-5.04860e+00,5.55495e+01,6.94775e+01,1.03715e+00,-2.38518e-02,1.40247e-02,-5.67174e-02,1.07278e+00,-1.95261e-03,-1.37490e-02,2.45340e-03,9.99311e-01,3.22361e+01,1.54869e-01,6.81821e+01,7.38143e+01,-1.82648e+01,-1.82615e+01,-4.94686e+00,5.54444e+01,-2.01456e-01,-7.74138e-01,1.42060e-01,0,6939,1,9.90000e+00,1.05000e+02,0.00000e+00,9.90000e+00
-1.83579e+01,-4.47293e+00,5.70003e+01,-5.24367e-03,-3.91572e-20,2.89749e-03,-1.62458e-04,-7.65032e-05,3.04046e-04,-1.30949e-06,-5.03657e-06,6.31228e-07,-1.62458e-04,-7.65032e-05,3.04046e-04,6.96345e+01,7.54894e+01,-1.83720e+01,-4.57578e+00,5.71173e+01,7.09392e+01,1.03739e+00,-2.41248e-02,1.40559e-02,-5.70159e-02,1.07333e+00,-1.19349e-03,-1.37058e-02,1.64627e-03,9.99252e-01,3.41695e+01,1.60611e-01,6.96345e+01,7.54894e+01,-1.83720e+01,-1.83579e+01,-4.47293e+00,5.70003e+01,-2.11534e-01,-8.13600e-01,1.01968e-01,0,6939,1,1.08000e+01,1.05000e+02,0.00000e+00,1.08000e+01
-1.84509e+01,-3.97686e+00,5.86346e+01,-5.20322e-03,-4.65124e-20,3.17665e-03,-1.65944e-04,-7.63427e-05,3.11252e-04,-1.41375e-06,-5.30970e-06,3.99112e-07,-1.65944e-04,-7.63427e-05,3.11252e-04,7.11586e+01,7.72462e+01,-1.84820e+01,-4.07548e+00,5.87643e+01,7.24062e+01,1.03565e+00,-2.21123e-02,1.40202e-02,-5.54671e-02,1.07010e+00,-5.00004e-04,-1.36185e-02,8.93653e-04,9.99189e-01,3.62068e+01,1.66517e-01,7.11586e+01,7.72462e+01,-1.84820e+01,-1.84509e+01,-3.97686e+00,5.86346e+01,-2.28375e-01,-8.57721e-01,6.44720e-02,0,6939,1,1.17000e+01,1.05000e+02,0.00000e+00,1.17000e+01
-1.85405e+01,-3.45863e+00,6.03471e+01,-5.15888e-03,-5.41039e-20,3.46160e-03,-1.69558e-04,-7.61934e-05,3.18795e-04,-1.55987e-06,-5.61168e-06,1.83069e-07,-1.69558e-04,-7.61934e-05,3.18795e-04,7.27545e+01,7.90849e+01,-1.85946e+01,-3.54770e+00,6.04902e+01,7.38786e+01,1.03194e+00,-1.78143e-02,1.39177e-02,-5.20709e-02,1.06308e+00,1.27845e-04,-1.34872e-02,1.95558e-04,9.99123e-01,3.83479e+01,1.72587e-01,7.27545e+01,7.90849e+01,-1.85946e+01,-1.85405e+01,-3.45863e+00,6.03471e+01,-2.51979e-01,-9.06503e-01,2.95727e-02,0,6939,1,1.26000e+01,1.05000e+02,0.00000e+00,1.26000e+01
-1.86269e+01,-2.91826e+00,6.21380e+01,-5.11064e-03,-6.19314e-20,3.75236e-03,-1.73299e-04,-7.60552e-05,3.26674e-04,-1.74787e-06,-5.94251e-06,-1.69004e-08,-1.73299e-04,-7.60552e-05,3.26674e-04,7.44222e+01,8.10053e+01,-1.87100e+01,-2.99244e+00,6.22953e+01,7.53563e+01,1.02624e+00,-1.12308e-02,1.37485e-02,-4.68273e-02,1.05228e+00,6.90060e-04,-1.33120e-02,-4.48018e-04,9.99054e-01,4.05929e+01,1.78822e-01,7.44222e+01,8.10053e+01,-1.87100e+01,-1.86269e+01,-2.91826e+00,6.21380e+01,-2.82347e-01,-9.59944e-01,-2.73006e-03,0,6939,1,1.35000e+01,1.05000e+02,0.00000e+00,1.35000e+01
-1.87098e+01,-2.35574e+00,6.40072e+01,-5.05851e-03,-6.99952e-20,4.04891e-03,-1.77168e-04,-7.59283e-05,3.34890e-04,-1.97773e-06,-6.30219e-06,-2.00796e-07,-1.77168e-04,-7.59283e-05,3.34890e-04,7.61616e+01,8.30074e+01,-1.88281e+01,-2.40971e+00,6.41794e+01,7.68394e+01,1.01857e+00,-2.36181e-03,1.35124e-02,-3.97363e-02,1.03769e+00,1.18664e-03,-1.30927e-02,-1.03707e-03,9.98982e-01,4.29416e+01,1.85220e-01,7.61616e+01,8.30074e+01,-1.88281e+01,-1.87098e+01,-2.35574e+00,6.40072e+01,-3.19479e-01,-1.01805e+00,-3.24364e-02,0,6939,1,1.44000e+01,1.05000e+02,0.00000e+00,1.44000e+01
-1.87894e+01,-1.77107e+00,6.59547e+01,-5.00247e-03,-7.82950e-20,4.35126e-03,-1.81164e-04,-7.58126e-05,3.43442e-04,-2.24946e-06,-6.69071e-06,-3.68619e-07,-1.81164e-04,-7.58126e-05,3.43442e-04,7.79728e+01,8.50914e+01,-1.89489e+01,-1.79949e+00,6.61425e+01,7.83277e+01,1.00891e+00,8.79269e-03,1.32096e-02,-3.07979e-02,1.01933e+00,1.61758e-03,-1.28295e-02,-1.57161e-03,9.98906e-01,4.53942e+01,1.91782e-01,7.79728e+01,8.50914e+01,-1.89489e+01,-1.87894e+01,-1.77107e+00,6.59547e+01,-3.63374e-01,-1.08081e+00,-5.95462e-02,0,6939,1,1.53000e+01,1.05000e+02,0.00000e+00,1.53000e+01
-1.88162e+01,-1.15858e+00,6.78961e+01,-4.94036e-03,-8.59472e-20,4.66289e-03,-1.84940e-04,-7.56313e-05,3.51850e-04,-2.48789e-06,-6.64500e-06,-5.21333e-07,-1.84940e-04,-7.56313e-05,3.51850e-04,7.96781e+01,8.70521e+01,-1.89862e+01,-1.15828e+00,6.80659e+01,7.97001e+01,9.98478e-01,2.06381e-02,1.20467e-02,-2.05314e-02,9.99169e-01,1.88871e-03,-1.17239e-02,-2.03613e-03,9.99005e-01,4.79214e+01,1.98819e-01,7.96781e+01,8.70521e+01,-1.89862e+01,-1.88162e+01,-1.15858e+00,6.78961e+01,-4.01890e-01,-1.07342e+00,-8.42153e-02,0,6973,1,1.62000e+01,1.05000e+02,0.00000e+00,1.62000e+01
-1.82657e+01,-4.66358e-01,6.89146e+01,-4.85074e-03,-8.42818e-20,5.01546e-03,-1.84763e-04,-7.45763e-05,3.54925e-04,-1.92558e-06,-1.25449e-06,-6.57133e-07,-1.84763e-04,-7.45763e-05,3.54925e-04,7.94792e+01,8.68156e+01,-1.80868e+01,-4.59546e-01,6.87289e+01,7.97469e+01,1.00035e+00,1.58340e-02,1.83681e-03,-1.54527e-02,9.99519e-01,1.09766e-03,-1.52283e-03,-2.25936e-03,1.00086e+00,5.01825e+01,2.09245e-01,7.94792e+01,8.68156e+01,-1.80868e+01,-1.82657e+01,-4.66358e-01,6.89146e+01,-3.11055e-01,-2.02649e-01,-1.06152e-01,0,6973,1,1.71000e+01,1.05000e+02,0.00000e+00,1.71000e+01
-1.76783e+01,2.36790e-01,6.99103e+01,-4.75884e-03,-8.35161e-20,5.36683e-03,-1.84392e-04,-7.34896e-05,3.57822e-04,-1.40617e-06,4.43888e-06,-7.55312e-07,-1.84392e-04,-7.34896e-05,3.57822e-04,7.93835e+01,8.66999e+01,-1.72402e+01,2.49337e-01,6.94597e+01,7.98556e+01,1.00177e+00,1.13768e-02,-8.59446e-03,-1.07652e-02,9.99809e-01,3.51758e-04,8.90227e-03,-2.40419e-03,1.00227e+00,5.24688e+01,2.19373e-01,7.93835e+01,8.66999e+01,-1.72402e+01,-1.76783e+01,2.36790e-01,6.99103e+01,-2.27151e-01,7.17049e-01,-1.22012e-01,0,6973,1,1.80000e+01,1.05000e+02,0.00000e+00,1.80000e+01
-1.72165e+01,9.38184e-01,7.08029e+01,-4.66651e-03,-8.84682e-20,5.70473e-03,-1.84470e-04,-7.20845e-05,3.60411e-04,-9.98547e-07,9.88357e-06,-8.19707e-07,-1.84470e-04,-7.20845e-05,3.60411e-04,7.95265e+01,8.69038e+01,-1.66661e+01,9.52924e-01,7.02378e+01,8.01257e+01,1.00247e+00,7.71726e-03,-1.81042e-02,-6.88578e-03,9.99992e-01,-4.34437e-05,1.84343e-02,-2.52883e-03,1.00295e+00,5.45246e+01,2.28302e-01,7.95265e+01,8.69038e+01,-1.66661e+01,-1.72165e+01,9.38184e-01,7.08029e+01,-1.61304e-01,1.59658e+00,-1.32414e-01,0,6969,1,1.89000e+01,1.05000e+02,0.00000e+00,1.89000e+01
-1.73249e+01,1.66732e+00,7.16018e+01,-4.57868e-03,-1.09985e-19,6.00172e-03,-1.87170e-04,-6.95988e-05,3.63329e-04,-9.23553e-07,1.32016e-05,-8.87076e-07,-1.87170e-04,-6.95988e-05,3.63329e-04,8.03958e+01,8.80967e+01,-1.69134e+01,1.67433e+00,7.11833e+01,8.09668e+01,1.00197e+00,6.17861e-03,-2.30259e-02,-5.03940e-03,9.99956e-01,7.26410e-04,2.34766e-02,-2.82813e-03,1.00234e+00,5.59442e+01,2.33988e-01,8.03958e+01,8.80967e+01,-1.69134e+01,-1.73249e+01,1.66732e+00,7.16018e+01,-1.49189e-01,2.13257e+00,-1.43297e-01,0,6969,1,1.98000e+01,1.05000e+02,0.00000e+00,1.98000e+01
-1.73616e+01,2.51653e+00,7.27746e+01,-4.48798e-03,-1.27511e-19,6.31032e-03,-1.90233e-04,-6.71779e-05,3.67753e-04,-9.30786e-07,1.63268e-05,-9.59598e-07,-1.90233e-04,-6.71779e-05,3.67753e-04,8.15341e+01,8.95751e+01,-1.70816e+01,2.51761e+00,7.24935e+01,8.20754e+01,1.00148e+00,5.04096e-03,-2.75150e-02,-3.63541e-03,9.99902e-01,1.44112e-03,2.80817e-02,-3.09590e-03,1.00176e+00,5.79295e+01,2.40264e-01,8.15341e+01,8.95751e+01,-1.70816e+01,-1.73616e+01,2.51653e+00,7.27746e+01,-1.50358e-01,2.63740e+00,-1.55012e-01,0,6969,1,2.07000e+01,1.05000e+02,0.00000e+00,2.07000e+01
-1.73268e+01,3.48581e+00,7.43214e+01,-4.39439e-03,-1.41046e-19,6.63054e-03,-1.93662e-04,-6.48219e-05,3.73684e-04,-1.02025e-06,1.92590e-05,-1.03727e-06,-1.93662e-04,-6.48219e-05,3.73684e-04,8.29413e+01,9.13392e+01,-1.71708e+01,3.48275e+00,7.41685e+01,8.34517e+01,1.00101e+00,4.30433e-03,-3.15715e-02,-2.67383e-03,9.99829e-01,2.10068e-03,3.22495e-02,-3.33213e-03,1.00123e+00,6.04805e+01,2.47130e-01,8.29413e+01,9.13392e+01,-1.71708e+01,-1.73268e+01,3.48581e+00,7.43214e+01,-1.64809e-01,3.11107e+00,-1.67559e-01,0,6969,1,2.16000e+01,1.05000e+02,0.00000e+00,2.16000e+01
-1.72202e+01,4.57516e+00,7.62422e+01,-4.29793e-03,-1.50590e-19,6.96237e-03,-1.97455e-04,-6.25307e-05,3.81123e-04,-1.19193e-06,2.19983e-05,-1.12010e-06,-1.97455e-04,-6.25307e-05,3.81123e-04,8.46175e+01,9.33889e+01,-1.71808e+01,4.56976e+00,7.62082e+01,8.50955e+01,1.00054e+00,3.96870e-03,-3.51955e-02,-2.15466e-03,9.99739e-01,2.70509e-03,3.59801e-02,-3.53683e-03,1.00072e+00,6.35972e+01,2.54585e-01,8.46175e+01,9.33889e+01,-1.71808e+01,-1.72202e+01,4.57516e+00,7.62422e+01,-1.92543e-01,3.55357e+00,-1.80938e-01,0,6969,1,2.25000e+01,1.05000e+02,0.00000e+00,2.25000e+01
-1.70421e+01,5.78458e+00,7.85371e+01,-4.19858e-03,-1.56144e-19,7.30581e-03,-2.01612e-04,-6.03044e-05,3.90068e-04,-1.44584e-06,2.45447e-05,-1.20807e-06,-2.01612e-04,-6.03044e-05,3.90068e-04,8.65626e+01,9.57242e+01,-1.71117e+01,5.77863e+00,7.86126e+01,8.70070e+01,1.00008e+00,4.03409e-03,-3.83868e-02,-2.07788e-03,9.99630e-01,3.25435e-03,3.92734e-02,-3.71000e-03,1.00025e+00,6.72796e+01,2.62630e-01,8.65626e+01,9.57242e+01,-1.71117e+01,-1.70421e+01,5.78458e+00,7.85371e+01,-2.33559e-01,3.96491e+00,-1.95150e-01,0,6969,1,2.34000e+01,1.05000e+02,0.00000e+00,2.34000e+01
-1.67923e+01,7.11407e+00,8.12059e+01,-4.09636e-03,-1.57707e-19,7.66087e-03,-2.06135e-04,-5.81429e-05,4.00521e-04,-1.78198e-06,2.68981e-05,-1.30120e-06,-2.06135e-04,-5.81429e-05,4.00521e-04,8.87767e+01,9.83452e+01,-1.69634e+01,7.10937e+00,8.13817e+01,8.91861e+01,9.99632e-01,4.50048e-03,-4.11457e-02,-2.44350e-03,9.99502e-01,3.74846e-03,4.21296e-02,-3.85163e-03,9.99820e-01,7.15277e+01,2.71265e-01,8.87767e+01,9.83452e+01,-1.69634e+01,-1.67923e+01,7.11407e+00,8.12059e+01,-2.87858e-01,4.34508e+00,-2.10194e-01,0,6969,1,2.43000e+01,1.05000e+02,0.00000e+00,2.43000e+01
-1.64708e+01,8.56363e+00,8.42487e+01,-3.99125e-03,-1.55279e-19,8.02754e-03,-2.11022e-04,-5.60463e-05,4.12480e-04,-2.20035e-06,2.90587e-05,-1.39948e-06,-2.11022e-04,-5.60463e-05,4.12480e-04,9.12598e+01,1.01252e+02,-1.67361e+01,8.56197e+00,8.45156e+01,9.16327e+01,9.99196e-01,5.36789e-03,-4.34719e-02,-3.25152e-03,9.99357e-01,4.18743e-03,4.45485e-02,-3.96172e-03,9.99421e-01,7.63415e+01,2.80490e-01,9.12598e+01,1.01252e+02,-1.67361e+01,-1.64708e+01,8.56363e+00,8.42487e+01,-3.55440e-01,4.69410e+00,-2.26070e-01,0,6969,1,2.52000e+01,1.05000e+02,0.00000e+00,2.52000e+01
-1.60778e+01,1.01333e+01,8.76655e+01,-3.88326e-03,-1.48861e-19,8.40582e-03,-2.16273e-04,-5.40146e-05,4.25947e-04,-2.70094e-06,3.10263e-05,-1.50291e-06,-2.16273e-04,-5.40146e-05,4.25947e-04,9.40119e+01,1.04444e+02,-1.64297e+01,1.01364e+01,8.80142e+01,9.43470e+01,9.98770e-01,6.63630e-03,-4.53656e-02,-4.50194e-03,9.99193e-01,4.57125e-03,4.65301e-02,-4.04028e-03,9.99057e-01,8.17210e+01,2.90304e-01,9.40119e+01,1.04444e+02,-1.64297e+01,-1.60778e+01,1.01333e+01,8.76655e+01,-4.36305e-01,5.01194e+00,-2.42778e-01,0,6969,1,2.61000e+01,1.05000e+02,0.00000e+00,2.61000e+01
-1.56130e+01,1.18230e+01,9.14563e+01,-3.77240e-03,-1.38452e-19,8.79572e-03,-2.21890e-04,-5.20477e-05,4.40921e-04,-3.28375e-06,3.28010e-05,-1.61150e-06,-2.21890e-04,-5.20477e-05,4.40921e-04,9.70329e+01,1.07922e+02,-1.60441e+01,1.18328e+01,9.18776e+01,9.73289e+01,9.98355e-01,8.30573e-03,-4.68267e-02,-6.19477e-03,9.99011e-01,4.89992e-03,4.80746e-02,-4.08731e-03,9.98728e-01,8.76662e+01,3.00707e-01,9.70329e+01,1.07922e+02,-1.60441e+01,-1.56130e+01,1.18230e+01,9.14563e+01,-5.30452e-01,5.29863e+00,-2.60319e-01,0,6969,1,2.70000e+01,1.05000e+02,0.00000e+00,2.70000e+01
-1.50767e+01,1.36327e+01,9.56211e+01,-3.65865e-03,-1.24052e-19,9.19723e-03,-2.27871e-04,-5.01456e-05,4.57401e-04,-3.94880e-06,3.43828e-05,-1.72523e-06,-2.27871e-04,-5.01456e-05,4.57401e-04,1.00323e+02,1.11685e+02,-1.55794e+01,1.36510e+01,9.61056e+01,1.00578e+02,9.97950e-01,1.03762e-02,-4.78552e-02,-8.32999e-03,9.98811e-01,5.17344e-03,4.91817e-02,-4.10280e-03,9.98434e-01,9.41772e+01,3.11701e-01,1.00323e+02,1.11685e+02,-1.55794e+01,-1.50767e+01,1.36327e+01,9.56211e+01,-6.37883e-01,5.55414e+00,-2.78691e-01,0,6969,1,2.79000e+01,1.05000e+02,0.00000e+00,2.79000e+01
-1.44687e+01,1.55626e+01,1.00160e+02,-3.54203e-03,-1.05661e-19,9.61035e-03,-2.34216e-04,-4.83085e-05,4.75389e-04,-4.69607e-06,3.57717e-05,-1.84412e-06,-2.34216e-04,-4.83085e-05,4.75389e-04,1.03882e+02,1.15734e+02,-1.50356e+01,1.55910e+01,1.00698e+02,1.04095e+02,9.97556e-01,1.28476e-02,-4.84512e-02,-1.09076e-02,9.98593e-01,5.39181e-03,4.98517e-02,-4.08676e-03,9.98175e-01,1.01254e+02,3.23284e-01,1.03882e+02,1.15734e+02,-1.50356e+01,-1.44687e+01,1.55626e+01,1.00160e+02,-7.58595e-01,5.77850e+00,-2.97896e-01,0,6969,1,2.88000e+01,1.05000e+02,0.00000e+00,2.88000e+01
-1.37890e+01,1.76125e+01,1.05073e+02,-3.42252e-03,-8.32798e-20,1.00351e-02,-2.40927e-04,-4.65362e-05,4.94884e-04,-5.52556e-06,3.69676e-05,-1.96816e-06,-2.40927e-04,-4.65362e-05,4.94884e-04,1.07710e+02,1.20069e+02,-1.44128e+01,1.76530e+01,1.05656e+02,1.07880e+02,9.97173e-01,1.57201e-02,-4.86146e-02,-1.39276e-02,9.98356e-01,5.55504e-03,5.00844e-02,-4.03918e-03,9.97950e-01,1.08896e+02,3.35457e-01,1.07710e+02,1.20069e+02,-1.44128e+01,-1.37890e+01,1.76125e+01,1.05073e+02,-8.92591e-01,5.97169e+00,-3.17933e-01,0,6969,1,2.97000e+01,1.05000e+02,0.00000e+00,2.97000e+01
-1.30378e+01,1.97825e+01,1.10359e+02,-3.30014e-03,-5.69079e-20,1.04714e-02,-2.48002e-04,-4.48287e-05,5.15886e-04,-6.43729e-06,3.79706e-05,-2.09735e-06,-2.48002e-04,-4.48287e-05,5.15886e-04,1.11807e+02,1.24689e+02,-1.37107e+01,1.98368e+01,1.10978e+02,1.11932e+02,9.96800e-01,1.89935e-02,-4.83454e-02,-1.73901e-02,9.98101e-01,5.66312e-03,4.98799e-02,-3.96007e-03,9.97761e-01,1.17104e+02,3.48219e-01,1.11807e+02,1.24689e+02,-1.37107e+01,-1.30378e+01,1.97825e+01,1.10359e+02,-1.03987e+00,6.13372e+00,-3.38803e-01,0,6969,1,3.06000e+01,1.05000e+02,0.00000e+00,3.06000e+01
-1.22148e+01,2.20726e+01,1.16020e+02,-3.17487e-03,-2.65452e-20,1.09194e-02,-2.55441e-04,-4.31861e-05,5.38395e-04,-7.43123e-06,3.87807e-05,-2.23169e-06,-2.55441e-04,-4.31861e-05,5.38395e-04,1.16172e+02,1.29595e+02,-1.29296e+01,2.21424e+01,1.16665e+02,1.16252e+02,9.96438e-01,2.26680e-02,-4.76437e-02,-2.12949e-02,9.97828e-01,5.71605e-03,4.92382e-02,-3.84942e-03,9.97607e-01,1.25878e+02,3.61572e-01,1.16172e+02,1.29595e+02,-1.29296e+01,-1.22148e+01,2.20726e+01,1.16020e+02,-1.20043e+00,6.26458e+00,-3.60504e-01,0,6969,1,3.15000e+01,1.05000e+02,0.00000e+00,3.15000e+01
-1.13203e+01,2.44827e+01,1.22055e+02,-3.04673e-03,7.80824e-21,1.13790e-02,-2.63246e-04,-4.16084e-05,5.62411e-04,-8.50741e-06,3.93979e-05,-2.37119e-06,-2.63246e-04,-4.16084e-05,5.62411e-04,1.20807e+02,1.34786e+02,-1.20694e+01,2.45700e+01,1.22717e+02,1.20840e+02,9.96086e-01,2.67435e-02,-4.65093e-02,-2.56421e-02,9.97536e-01,5.71383e-03,4.81592e-02,-3.70724e-03,9.97487e-01,1.35217e+02,3.75514e-01,1.20807e+02,1.34786e+02,-1.20694e+01,-1.13203e+01,2.44827e+01,1.22055e+02,-1.37427e+00,6.36428e+00,-3.83038e-01,0,6969,1,3.24000e+01,1.05000e+02,0.00000e+00,3.24000e+01
-9.86789e+00,2.68015e+01,1.27036e+02,-2.88257e-03,-1.98514e-20,1.18982e-02,-2.66757e-04,-3.97560e-05,5.80740e-04,-9.53306e-06,3.02473e-05,-3.33831e-06,-2.66757e-04,-3.97560e-05,5.80740e-04,1.22411e+02,1.36424e+02,-9.67484e+00,2.68947e+01,1.26749e+02,1.22411e+02,1.00413e+00,2.97985e-02,-4.69660e-02,-2.91236e-02,9.97728e-01,7.61829e-03,4.02247e-02,-4.73017e-03,9.99496e-01,1.43969e+02,3.97440e-01,1.22411e+02,1.36424e+02,-9.67484e+00,-9.86789e+00,2.68015e+01,1.27036e+02,-1.53996e+00,4.88610e+00,-5.39265e-01,0,6964,1,3.33000e+01,1.05000e+02,0.00000e+00,3.33000e+01
-7.16675e+00,2.94499e+01,1.31638e+02,-2.71599e-03,-6.72637e-20,1.24484e-02,-2.64253e-04,-3.75786e-05,5.95015e-04,-1.00312e-05,1.74891e-05,-4.57972e-06,-2.64253e-04,-3.75786e-05,5.95015e-04,1.22508e+02,1.36208e+02,-5.91536e+00,2.95441e+01,1.30292e+02,1.22508e+02,1.00611e+00,3.23572e-02,-4.50156e-02,-2.91166e-02,9.97725e-01,9.90897e-03,3.00158e-02,-6.34107e-03,1.00164e+00,1.53921e+02,4.26378e-01,1.22508e+02,1.36208e+02,-5.91536e+00,-7.16675e+00,2.94499e+01,1.31638e+02,-1.62043e+00,2.82516e+00,-7.39801e-01,0,6964,1,3.42000e+01,1.05000e+02,0.00000e+00,3.42000e+01
-3.49396e+00,3.25634e+01,1.36629e+02,-2.56105e-03,-1.05021e-19,1.30099e-02,-2.58342e-04,-3.51293e-05,6.09088e-04,-1.01163e-05,8.12447e-06,-5.38290e-06,-2.58342e-04,-3.51293e-05,6.09088e-04,1.22614e+02,1.35898e+02,-1.43355e+00,3.26683e+01,1.34464e+02,1.22614e+02,9.97481e-01,3.57309e-02,-4.28438e-02,-2.65824e-02,9.97143e-01,1.11496e-02,2.33158e-02,-7.34053e-03,1.00318e+00,1.65699e+02,4.59418e-01,1.22614e+02,1.35898e+02,-1.43355e+00,-3.49396e+00,3.25634e+01,1.36629e+02,-1.63417e+00,1.31241e+00,-8.69546e-01,0,6964,1,3.51000e+01,1.05000e+02,0.00000e+00,3.51000e+01
1.15050e+00,3.61423e+01,1.42010e+02,-2.41775e-03,-1.33125e-19,1.35827e-02,-2.49024e-04,-3.24083e-05,6.22961e-04,-9.78827e-06,2.15339e-06,-5.74785e-06,-2.49024e-04,-3.24083e-05,6.22961e-04,1.22728e+02,1.35494e+02,3.77065e+00,3.62675e+01,1.39264e+02,1.22728e+02,9.78239e-01,3.99196e-02,-4.04508e-02,-2.15209e-02,9.95980e-01,1.13402e-02,2.01248e-02,-7.72856e-03,1.00410e+00,1.79302e+02,4.96557e-01,1.22728e+02,1.35494e+02,3.77065e+00,1.15050e+00,3.61423e+01,1.42010e+02,-1.58118e+00,3.47856e-01,-9.28499e-01,0,6964,1,3.60000e+01,1.05000e+02,0.00000e+00,3.60000e+01
6.76663e+00,4.01864e+01,1.47779e+02,-2.28608e-03,-1.51574e-19,1.41669e-02,-2.36299e-04,-2.94155e-05,6.36632e-04,-9.04718e-06,-4.24095e-07,-5.67457e-06,-2.36299e-04,-2.94155e-05,6.36632e-04,1.22850e+02,1.34996e+02,9.69722e+00,4.03416e+01,1.44693e+02,1.22850e+02,9.48385e-01,4.49233e-02,-3.78365e-02,-1.39322e-02,9.94237e-01,1.04808e-02,2.04426e-02,-7.50516e-03,1.00440e+00,1.94732e+02,5.37797e-01,1.22850e+02,1.34996e+02,9.69722e+00,6.76663e+00,4.01864e+01,1.47779e+02,-1.46147e+00,-6.85077e-02,-9.16662e-01,0,6964,1,3.69000e+01,1.05000e+02,0.00000e+00,3.69000e+01
1.33544e+01,4.46957e+01,1.53937e+02,-2.16605e-03,-1.60368e-19,1.47623e-02,-2.20168e-04,-2.61509e-05,6.50103e-04,-7.89302e-06,3.91991e-07,-5.16306e-06,-2.20168e-04,-2.61509e-05,6.50103e-04,1.22981e+02,1.34404e+02,1.63461e+01,4.48906e+01,1.50750e+02,1.22981e+02,9.07918e-01,5.07419e-02,-3.50008e-02,-3.81616e-03,9.91913e-01,8.57134e-03,2.42694e-02,-6.67032e-03,1.00409e+00,2.11987e+02,5.83138e-01,1.22981e+02,1.34404e+02,1.63461e+01,1.33544e+01,4.46957e+01,1.53937e+02,-1.27503e+00,6.33217e-02,-8.34033e-01,0,6964,1,3.78000e+01,1.05000e+02,0.00000e+00,3.78000e+01
2.09139e+01,4.96702e+01,1.60484e+02,-2.05765e-03,-1.59509e-19,1.53691e-02,-2.00630e-04,-2.26145e-05,6.63374e-04,-6.32577e-06,4.60166e-06,-4.21332e-06,-2.00630e-04,-2.26145e-05,6.63374e-04,1.23119e+02,1.33718e+02,2.37174e+01,4.99145e+01,1.57436e+02,1.23119e+02,8.56839e-01,5.73755e-02,-3.19439e-02,8.82715e-03,9.89009e-01,5.61184e-03,3.16050e-02,-5.22404e-03,1.00316e+00,2.31068e+02,6.32579e-01,1.23119e+02,1.33718e+02,2.37174e+01,2.09139e+01,4.96702e+01,1.60484e+02,-1.02185e+00,7.43345e-01,-6.80613e-01,0,6964,1,3.87000e+01,1.05000e+02,0.00000e+00,3.87000e+01
2.94449e+01,5.51100e+01,1.67420e+02,-1.96089e-03,-1.48994e-19,1.59871e-02,-1.77685e-04,-1.88063e-05,6.76443e-04,-4.34545e-06,1.22049e-05,-2.82535e-06,-1.77685e-04,-1.88063e-05,6.76443e-04,1.23267e+02,1.32939e+02,3.18110e+01,5.54133e+01,1.64750e+02,1.23267e+02,7.95147e-01,6.48241e-02,-2.86657e-02,2.39977e-02,9.85525e-01,1.60234e-03,4.24496e-02,-3.16634e-03,1.00162e+00,2.51975e+02,6.86121e-01,1.23267e+02,1.32939e+02,3.18110e+01,2.94449e+01,5.51100e+01,1.67420e+02,-7.01957e-01,1.97156e+00,-4.56403e-01,0,6964,1,3.96000e+01,1.05000e+02,0.00000e+00,3.96000e+01
3.89477e+01,6.10151e+01,1.74744e+02,-1.87577e-03,-1.28826e-19,1.66165e-02,-1.51334e-04,-1.47263e-05,6.89312e-04,-1.95203e-06,2.32017e-05,-9.99144e-07,-1.51334e-04,-1.47263e-05,6.89312e-04,1.23422e+02,1.32066e+02,4.06271e+01,6.13871e+01,1.72693e+02,1.23422e+02,7.22843e-01,7.30876e-02,-2.51662e-02,4.16955e-02,9.81461e-01,-3.45722e-03,5.68031e-02,-4.97201e-04,9.99467e-01,2.74707e+02,7.43763e-01,1.23422e+02,1.32066e+02,4.06271e+01,3.89477e+01,6.10151e+01,1.74744e+02,-3.15329e-01,3.74797e+00,-1.61400e-01,0,6964,1,4.05000e+01,1.05000e+02,0.00000e+00,4.05000e+01
4.94222e+01,6.73854e+01,1.82458e+02,-1.80228e-03,-9.90027e-20,1.72572e-02,-1.21576e-04,-1.03745e-05,7.01980e-04,8.54458e-07,3.75921e-05,1.26529e-06,-1.21576e-04,-1.03745e-05,7.01980e-04,1.23586e+02,1.31099e+02,5.01654e+01,6.78358e+01,1.81264e+02,1.23586e+02,6.39926e-01,8.21661e-02,-2.14453e-02,6.19206e-02,9.76816e-01,-9.56681e-03,7.46655e-02,2.78338e-03,9.96697e-01,2.99266e+02,8.05505e-01,1.23586e+02,1.31099e+02,5.01654e+01,4.94222e+01,6.73854e+01,1.82458e+02,1.38028e-01,6.07257e+00,2.04394e-01,0,6964,1,4.14000e+01,1.05000e+02,0.00000e+00,4.14000e+01
6.08682e+01,7.42210e+01,1.90561e+02,-1.74043e-03,-5.95254e-20,1.79092e-02,-8.84108e-05,-5.75098e-06,7.14447e-04,4.07402e-06,5.53760e-05,3.96795e-06,-8.84108e-05,-5.75098e-06,7.14447e-04,1.23758e+02,1.30038e+02,6.04262e+01,7.47594e+01,1.90464e+02,1.23758e+02,5.46397e-01,9.20596e-02,-1.75032e-02,8.46729e-02,9.71591e-01,-1.67264e-02,9.60367e-02,6.67538e-03,9.93312e-01,3.25650e+02,8.71348e-01,1.23758e+02,1.30038e+02,6.04262e+01,6.08682e+01,7.42210e+01,1.90561e+02,6.58110e-01,8.94536e+00,6.40977e-01,0,6964,1,4.23000e+01,1.05000e+02,0.00000e+00,4.23000e+01
7.32860e+01,8.15218e+01,1.99052e+02,-1.69022e-03,-1.03935e-20,1.85726e-02,-5.18391e-05,-8.55632e-07,7.26714e-04,7.70667e-06,7.65536e-05,7.10885e-06,-5.18391e-05,-8.55632e-07,7.26714e-04,1.23938e+02,1.28883e+02,7.14093e+01,8.21580e+01,2.00293e+02,1.23938e+02,4.42255e-01,1.02768e-01,-1.33398e-02,1.09953e-01,9.65786e-01,-2.49361e-02,1.20917e-01,1.11788e-02,9.89313e-01,3.53860e+02,9.41292e-01,1.23938e+02,1.28883e+02,7.14093e+01,7.32860e+01,8.15218e+01,1.99052e+02,1.24492e+00,1.23664e+01,1.14835e+00,0,6964,1,4.32000e+01,1.05000e+02,0.00000e+00,4.32000e+01
8.14273e+01,8.87604e+01,2.12901e+02,-1.52298e-03,-9.64085e-21,1.92386e-02,-4.31960e-05,2.19936e-06,7.70690e-04,9.86112e-06,8.44126e-05,1.04682e-05,-4.31960e-05,2.19936e-06,7.70690e-04,1.33013e+02,1.38450e+02,7.76279e+01,8.93829e+01,2.16078e+02,1.33013e+02,4.49265e-01,8.53613e-02,-1.16194e-02,1.21023e-01,9.65758e-01,-3.15964e-02,1.21751e-01,1.49564e-02,9.85131e-01,3.83089e+02,9.60152e-01,1.33013e+02,1.38450e+02,7.76279e+01,8.14273e+01,8.87604e+01,2.12901e+02,1.59295e+00,1.36359e+01,1.69101e+00,0,6945,1,4.41000e+01,1.05000e+02,0.00000e+00,4.41000e+01
8.41270e+01,9.59669e+01,2.33554e+02,-1.28397e-03,-5.21295e-20,1.99422e-02,-7.01388e-05,3.15587e-06,8.54883e-04,1.13813e-05,8.96489e-05,1.47179e-05,-7.01388e-05,3.15587e-06,8.54883e-04,1.51540e+02,1.59362e+02,7.89023e+01,9.64806e+01,2.38264e+02,1.51540e+02,5.67862e-01,3.81322e-02,-2.13973e-02,1.20218e-01,9.70993e-01,-3.57718e-02,1.07623e-01,1.82520e-02,9.83261e-01,4.13647e+02,9.29643e-01,1.51540e+02,1.59362e+02,7.89023e+01,8.41270e+01,9.59669e+01,2.33554e+02,1.83852e+00,1.44817e+01,2.37751e+00,0,6945,1,4.50000e+01,1.05000e+02,0.00000e+00,4.50000e+01
8.51779e+01,1.03566e+02,2.57519e+02,-1.08791e-03,-9.06013e-20,2.07002e-02,-1.10227e-04,3.60256e-06,9.56649e-04,1.40068e-05,1.08590e-04,2.02296e-05,-1.10227e-04,3.60256e-06,9.56649e-04,1.72679e+02,1.83279e+02,7.95040e+01,1.03976e+02,2.62783e+02,1.72679e+02,7.02197e-01,-1.66197e-02,-4.32438e-02,1.21415e-01,9.76331e-01,-3.92349e-02,1.02932e-01,2.21917e-02,9.84098e-01,4.46263e+02,8.93767e-01,1.72679e+02,1.83279e+02,7.95040e+01,8.51779e+01,1.03566e+02,2.57519e+02,2.26264e+00,1.75414e+01,3.26786e+00,0,6945,1,4.59000e+01,1.05000e+02,0.00000e+00,4.59000e+01
8.45802e+01,1.11557e+02,2.84799e+02,-9.34822e-04,-1.25056e-19,2.15126e-02,-1.63460e-04,3.53943e-06,1.07599e-03,1.77376e-05,1.41234e-04,2.70032e-05,-1.63460e-04,3.53943e-06,1.07599e-03,1.96429e+02,2.10201e+02,7.94332e+01,1.11868e+02,2.89634e+02,1.96429e+02,8.52271e-01,-7.88940e-02,-7.71585e-02,1.24616e-01,9.81770e-01,-4.19859e-02,1.07678e-01,2.67754e-02,9.87644e-01,4.80936e+02,8.52525e-01,1.96429e+02,2.10201e+02,7.94332e+01,8.45802e+01,1.11557e+02,2.84799e+02,2.86530e+00,2.28147e+01,4.36205e+00,0,6945,1,4.68000e+01,1.05000e+02,0.00000e+00,4.68000e+01
8.00778e+01,1.18734e+02,3.13480e+02,-7.23086e-04,-1.26896e-19,2.24581e-02,-2.36126e-04,3.17400e-06,1.20875e-03,1.88354e-05,1.62377e-04,3.13851e-05,-2.36126e-04,3.17400e-06,1.20875e-03,2.22276e+02,2.39851e+02,7.67373e+01,1.18967e+02,3.16588e+02,2.22276e+02,9.90108e-01,-1.23937e-01,-1.08606e-01,1.19082e-01,9.86842e-01,-4.08946e-02,1.06245e-01,2.90793e-02,9.94785e-01,5.12292e+02,8.04779e-01,2.22276e+02,2.39851e+02,7.67373e+01,8.00778e+01,1.18734e+02,3.13480e+02,3.04265e+00,2.62301e+01,5.06990e+00,0,6937,1,4.77000e+01,1.05000e+02,0.00000e+00,4.77000e+01
6.79180e+01,1.20861e+02,3.32553e+02,-2.81060e-04,-4.52776e-20,2.36768e-02,-3.24315e-04,3.42788e-06,1.31390e-03,8.12858e-06,9.48467e-05,2.26982e-05,-3.24315e-04,3.42788e-06,1.31390e-03,2.44409e+02,2.66383e+02,6.69403e+01,1.21068e+02,3.33323e+02,2.44409e+02,1.02469e+00,-8.59919e-02,-8.52926e-02,7.85916e-02,9.90096e-01,-2.90598e-02,5.48579e-02,2.10869e-02,1.00315e+00,5.21332e+02,7.52290e-01,2.44409e+02,2.66383e+02,6.69403e+01,6.79180e+01,1.20861e+02,3.32553e+02,1.31308e+00,1.53214e+01,3.66664e+00,0,6937,1,4.86000e+01,1.05000e+02,0.00000e+00,4.86000e+01
5.71971e+01,1.21386e+02,3.44740e+02,-1.67982e-05,6.56452e-21,2.48573e-02,-3.93526e-04,3.83111e-06,1.38650e-03,-1.18863e-06,1.78560e-05,1.27479e-05,-3.93526e-04,3.83111e-06,1.38650e-03,2.61760e+02,2.87487e+02,5.71339e+01,1.21567e+02,3.44621e+02,2.61760e+02,1.04054e+00,-4.92375e-02,-4.79365e-02,4.11218e-02,9.92995e-01,-1.80245e-02,5.15034e-03,1.25819e-02,1.00670e+00,5.23322e+02,7.01966e-01,2.61760e+02,2.87487e+02,5.71339e+01,5.71971e+01,1.21386e+02,3.44740e+02,-1.92009e-01,2.88443e+00,2.05927e+00,0,6937,1,4.95000e+01,1.05000e+02,0.00000e+00,4.95000e+01
4.79151e+01,1.20307e+02,3.50041e+02,6.96979e-05,2.86295e-20,2.59996e-02,-4.43759e-04,4.38369e-06,1.42654e-03,-9.11614e-06,-6.85947e-05,1.53405e-06,-4.43759e-04,4.38369e-06,1.42654e-03,2.74329e+02,3.03164e+02,4.73180e+01,1.20463e+02,3.50482e+02,2.74329e+02,1.03764e+00,-1.36736e-02,3.46193e-03,6.67276e-03,9.95540e-01,-7.78890e-03,-4.28772e-02,3.56430e-03,1.00545e+00,5.18264e+02,6.53808e-01,2.74329e+02,3.03164e+02,4.73180e+01,4.79151e+01,1.20307e+02,3.50041e+02,-1.47261e+00,-1.10807e+01,2.47808e-01,0,6937,1,5.04000e+01,1.05000e+02,0.00000e+00,5.04000e+01
4.00721e+01,1.17627e+02,3.48457e+02,-2.15712e-05,2.09175e-20,2.71036e-02,-4.75014e-04,5.08562e-06,1.43403e-03,-1.56539e-05,-1.64505e-04,-1.09432e-05,-4.75014e-04,5.08562e-06,1.43403e-03,2.82115e+02,3.13414e+02,3.74927e+01,1.17757e+02,3.50906e+02,2.82115e+02,1.01600e+00,2.06996e-02,6.89023e-02,-2.47554e-02,9.97730e-01,1.64700e-03,-8.92245e-02,-5.96580e-03,9.99381e-01,5.06156e+02,6.07814e-01,2.82115e+02,3.13414e+02,3.74927e+01,4.00721e+01,1.17627e+02,3.48457e+02,-2.52871e+00,-2.65739e+01,-1.76774e+00,0,6937,1,5.13000e+01,1.05000e+02,0.00000e+00,5.13000e+01
3.24938e+01,1.14811e+02,3.47177e+02,-3.77571e-04,-7.13616e-20,2.82848e-02,-5.05250e-04,4.33079e-06,1.44279e-03,-1.84468e-05,-2.11025e-04,-1.75526e-05,-5.05250e-04,4.33079e-06,1.44279e-03,2.88000e+02,3.21115e+02,2.92190e+01,1.14928e+02,3.50334e+02,2.88000e+02,9.93713e-01,3.94626e-02,1.08091e-01,-4.04244e-02,9.98978e-01,6.48364e-03,-1.07704e-01,-1.12949e-02,9.94625e-01,4.94481e+02,5.72353e-01,2.88000e+02,3.21115e+02,2.92190e+01,3.24938e+01,1.14811e+02,3.47177e+02,-2.97987e+00,-3.40887e+01,-2.83543e+00,0,6928,1,5.22000e+01,1.05000e+02,0.00000e+00,5.22000e+01
2.38045e+01,1.13246e+02,3.53322e+02,-9.75604e-04,-2.66305e-19,2.96475e-02,-5.53171e-04,5.13076e-07,1.48670e-03,-1.46855e-05,-1.58822e-04,-1.25705e-05,-5.53171e-04,5.13076e-07,1.48670e-03,2.95491e+02,3.29961e+02,2.35206e+01,1.13370e+02,3.53482e+02,2.95491e+02,9.97677e-01,2.91488e-02,8.09705e-02,-2.96331e-02,9.99038e-01,4.76373e-03,-8.07825e-02,-8.68488e-03,9.98532e-01,4.90372e+02,5.52865e-01,2.95491e+02,3.29961e+02,2.35206e+01,2.38045e+01,1.13246e+02,3.53322e+02,-2.37227e+00,-2.56558e+01,-2.03062e+00,0,6928,1,5.31000e+01,1.05000e+02,0.00000e+00,5.31000e+01
1.59863e+01,1.10295e+02,3.54130e+02,-1.60909e-03,-4.49304e-19,3.09827e-02,-5.87339e-04,-3.52401e-06,1.50593e-03,-8.32174e-06,-1.16656e-04,-9.29764e-06,-5.87339e-04,-3.52401e-06,1.50593e-03,2.99787e+02,3.35242e+02,1.73753e+01,1.10419e+02,3.52617e+02,2.99787e+02,1.00007e+00,1.57455e-02,5.89930e-02,-1.59122e-02,9.99109e-01,4.09845e-03,-5.89756e-02,-6.94875e-03,1.00086e+00,4.80412e+02,5.33129e-01,2.99787e+02,3.35242e+02,1.73753e+01,1.59863e+01,1.10295e+02,3.54130e+02,-1.34428e+00,-1.88444e+01,-1.50193e+00,0,6928,1,5.40000e+01,1.05000e+02,0.00000e+00,5.40000e+01
9.03948e+00,1.05959e+02,3.49602e+02,-2.27802e-03,-6.20358e-19,3.22902e-02,-6.07755e-04,-7.78046e-06,1.50049e-03,6.44371e-07,-8.45276e-05,-7.73414e-06,-6.07755e-04,-7.78046e-06,1.50049e-03,3.00888e+02,3.36958e+02,1.07833e+01,1.06075e+02,3.47741e+02,3.00888e+02,1.00090e+00,-7.47048e-04,4.21586e-02,7.38251e-04,9.99193e-01,4.48780e-03,-4.22837e-02,-6.08659e-03,1.00160e+00,4.64600e+02,5.13147e-01,3.00888e+02,3.36958e+02,1.07833e+01,9.03948e+00,1.05959e+02,3.49602e+02,1.04091e-01,-1.36545e+01,-1.24936e+00,0,6928,1,5.49000e+01,1.05000e+02,0.00000e+00,5.49000e+01
2.96391e+00,1.00236e+02,3.39736e+02,-2.98240e-03,-7.79465e-19,3.35701e-02,-6.14419e-04,-1.22562e-05,1.47036e-03,1.22128e-05,-6.24374e-05,-7.87997e-06,-6.14419e-04,-1.22562e-05,1.47036e-03,2.98795e+02,3.35109e+02,3.74452e+00,1.00339e+02,3.38853e+02,2.98795e+02,1.00016e+00,-2.03289e-02,3.04673e-02,2.03183e-02,9.99289e-01,5.93178e-03,-3.07070e-02,-6.09839e-03,1.00075e+00,4.42937e+02,4.92918e-01,2.98795e+02,3.35109e+02,3.74452e+00,2.96391e+00,1.00236e+02,3.39736e+02,1.97284e+00,-1.00860e+01,-1.27292e+00,0,6928,1,5.58000e+01,1.05000e+02,0.00000e+00,5.58000e+01
5.21217e-03,9.62356e+01,3.34480e+02,-3.75165e-03,-7.71943e-19,3.48516e-02,-6.15283e-04,-1.95717e-05,1.45528e-03,1.92241e-05,-5.70527e-05,-8.00497e-06,-6.15283e-04,-1.95717e-05,1.45528e-03,2.98796e+02,3.35148e+02,-3.71635e-01,9.63158e+01,3.34777e+02,2.98796e+02,9.99171e-01,-3.22250e-02,2.75668e-02,3.21189e-02,9.99571e-01,6.64097e-03,-2.78480e-02,-5.94781e-03,9.99583e-01,4.30721e+02,4.80330e-01,2.98796e+02,3.35148e+02,-3.71635e-01,5.21217e-03,9.62356e+01,3.34480e+02,3.10543e+00,-9.21621e+00,-1.29311e+00,0,6936,1,5.67000e+01,1.05000e+02,0.00000e+00,5.67000e+01
2.91472e-01,9.60325e+01,3.41521e+02,-4.62974e-03,-5.43229e-19,3.61876e-02,-6.23689e-04,-3.10063e-05,1.48869e-03,1.61649e-05,-6.33217e-05,-6.21551e-06,-6.23689e-04,-3.10063e-05,1.48869e-03,3.05350e+02,3.41852e+02,-4.84353e-02,9.60898e+01,3.41804e+02,3.05350e+02,9.99505e-01,-2.81929e-02,3.06904e-02,2.80587e-02,9.99978e-01,5.13659e-03,-3.09351e-02,-4.61055e-03,9.99686e-01,4.37845e+02,4.78163e-01,3.05350e+02,3.41852e+02,-4.84353e-02,2.91472e-01,9.60325e+01,3.41521e+02,2.61125e+00,-1.02289e+01,-1.00404e+00,0,6936,1,5.76000e+01,1.05000e+02,0.00000e+00,5.76000e+01
2.82663e-01,9.55183e+01,3.48141e+02,-5.58785e-03,-3.18145e-19,3.75536e-02,-6.32454e-04,-4.28996e-05,1.52096e-03,1.21984e-05,-6.84737e-05,-4.49257e-06,-6.32454e-04,-4.28996e-05,1.52096e-03,3.11853e+02,3.48479e+02,-4.65615e-02,9.55564e+01,3.48433e+02,3.11853e+02,9.99682e-01,-2.20469e-02,3.28510e-02,2.19130e-02,1.00021e+00,3.66695e-03,-3.30509e-02,-3.31888e-03,9.99714e-01,4.43942e+02,4.74950e-01,3.11853e+02,3.48479e+02,-4.65615e-02,2.82663e-01,9.55183e+01,3.48141e+02,1.97051e+00,-1.10611e+01,-7.25722e-01,0,6936,1,5.85000e+01,1.05000e+02,0.00000e+00,5.85000e+01
-2.12156e-02,9.46931e+01,3.54341e+02,-6.62601e-03,-9.66937e-20,3.89494e-02,-6.41578e-04,-5.52514e-05,1.55209e-03,7.32473e-06,-7.25090e-05,-2.83613e-06,-6.41578e-04,-5.52514e-05,1.55209e-03,3.18304e+02,3.55029e+02,-3.66016e-01,9.47155e+01,3.54663e+02,3.18304e+02,9.99702e-01,-1.37870e-02,3.40487e-02,1.36818e-02,1.00026e+00,2.23204e-03,-3.41953e-02,-2.07281e-03,9.99666e-01,4.49013e+02,4.70692e-01,3.18304e+02,3.55029e+02,-3.66016e-01,-2.12156e-02,9.46931e+01,3.54341e+02,1.18323e+00,-1.17130e+01,-4.58144e-01,0,6936,1,5.94000e+01,1.05000e+02,0.00000e+00,5.94000e+01
-6.20161e-01,9.35569e+01,3.60120e+02,-7.74419e-03,1.21125e-19,4.03752e-02,-6.51062e-04,-6.80617e-05,1.58209e-03,1.54386e-06,-7.54273e-05,-1.24621e-06,-6.51062e-04,-6.80617e-05,1.58209e-03,3.24703e+02,3.61503e+02,-1.00680e+00,9.35671e+01,3.60496e+02,3.24703e+02,9.99565e-01,-3.41323e-03,3.42833e-02,3.36501e-03,1.00013e+00,8.31873e-04,-3.43683e-02,-8.72338e-04,9.99544e-01,4.53056e+02,4.65389e-01,3.24703e+02,3.61503e+02,-1.00680e+00,-6.20161e-01,9.35569e+01,3.60120e+02,2.49392e-01,-1.21844e+01,-2.01311e-01,0,6936,1,6.03000e+01,1.05000e+02,0.00000e+00,6.03000e+01
-1.05446e+00,9.15018e+01,3.62616e+02,-8.93268e-03,2.59299e-19,4.18240e-02,-6.53761e-04,-8.07941e-05,1.59753e-03,-2.96794e-06,-7.55333e-05,-4.25528e-07,-6.53761e-04,-8.07941e-05,1.59753e-03,3.28049e+02,3.64503e+02,-1.47215e+00,9.15053e+01,3.63030e+02,3.28049e+02,9.99396e-01,4.97056e-03,3.34109e-02,-4.96525e-03,9.99947e-01,1.76782e-05,-3.34448e-02,-1.95828e-04,9.99431e-01,4.53064e+02,4.60334e-01,3.28049e+02,3.64503e+02,-1.47215e+00,-1.05446e+00,9.15018e+01,3.62616e+02,-4.79436e-01,-1.22015e+01,-6.87391e-02,0,6929,1,6.12000e+01,1.05000e+02,0.00000e+00,6.12000e+01
-5.89697e-01,8.79798e+01,3.58549e+02,-1.01509e-02,2.14909e-19,4.32582e-02,-6.40706e-04,-9.24186e-05,1.58253e-03,-2.64867e-06,-7.11217e-05,-1.11556e-06,-6.40706e-04,-9.24186e-05,1.58253e-03,3.24675e+02,3.59881e+02,-9.62239e-01,8.79824e+01,3.58919e+02,3.24675e+02,9.99460e-01,4.41116e-03,3.17632e-02,-4.41512e-03,9.99959e-01,4.26499e-04,-3.17864e-02,-5.74790e-04,9.99487e-01,4.45939e+02,4.57748e-01,3.24675e+02,3.59881e+02,-9.62239e-01,-5.89697e-01,8.79798e+01,3.58549e+02,-4.27862e-01,-1.14889e+01,-1.80206e-01,0,6929,1,6.21000e+01,1.05000e+02,0.00000e+00,6.21000e+01
-2.19264e-01,8.45314e+01,3.54792e+02,-1.14064e-02,1.62141e-19,4.46784e-02,-6.28649e-04,-1.04002e-04,1.56904e-03,-2.15542e-06,-6.63943e-05,-1.59339e-06,-6.28649e-04,-1.04002e-04,1.56904e-03,3.21671e+02,3.55665e+02,-5.47128e-01,8.45333e+01,3.55118e+02,3.21671e+02,9.99522e-01,3.56392e-03,2.99523e-02,-3.57555e-03,9.99966e-01,7.36533e-04,-2.99648e-02,-8.50724e-04,9.99544e-01,4.39104e+02,4.54918e-01,3.21671e+02,3.55665e+02,-5.47128e-01,-2.19264e-01,8.45314e+01,3.54792e+02,-3.48183e-01,-1.07252e+01,-2.57393e-01,0,6929,1,6.30000e+01,1.05000e+02,0.00000e+00,6.30000e+01
5.68367e-02,8.11565e+01,3.51346e+02,-1.26993e-02,1.00996e-19,4.60844e-02,-6.17590e-04,-1.15544e-04,1.55706e-03,-1.48818e-06,-6.13513e-05,-1.85900e-06,-6.17590e-04,-1.15544e-04,1.55706e-03,3.19037e+02,3.51855e+02,-2.26821e-01,8.11583e+01,3.51628e+02,3.19037e+02,9.99580e-01,2.42884e-03,2.79784e-02,-2.44656e-03,9.99969e-01,9.47778e-04,-2.79800e-02,-1.02363e-03,9.99602e-01,4.32559e+02,4.51844e-01,3.19037e+02,3.51855e+02,-2.26821e-01,5.68367e-02,8.11565e+01,3.51346e+02,-2.40399e-01,-9.91060e+00,-3.00300e-01,0,6929,1,6.39000e+01,1.05000e+02,0.00000e+00,6.39000e+01
2.38605e-01,7.78551e+01,3.48210e+02,-1.40294e-02,3.14723e-20,4.74764e-02,-6.07529e-04,-1.27046e-04,1.54658e-03,-6.46961e-07,-5.59927e-05,-1.91240e-06,-6.07529e-04,-1.27046e-04,1.54658e-03,3.16773e+02,3.48449e+02,-1.31792e-03,7.78571e+01,3.48448e+02,3.16773e+02,9.99635e-01,1.00591e-03,2.58415e-02,-1.02815e-03,9.99967e-01,1.06024e-03,-2.58320e-02,-1.09350e-03,9.99660e-01,4.26304e+02,4.48526e-01,3.16773e+02,3.48449e+02,-1.31792e-03,2.38605e-01,7.78551e+01,3.48210e+02,-1.04509e-01,-9.04497e+00,-3.08927e-01,0,6929,1,6.48000e+01,1.05000e+02,0.00000e+00,6.48000e+01
3.26041e-01,7.46273e+01,3.45385e+02,-1.53969e-02,-4.64280e-20,4.88543e-02,-5.98465e-04,-1.38506e-04,1.53762e-03,3.68235e-07,-5.03184e-05,-1.75360e-06,-5.98465e-04,-1.38506e-04,1.53762e-03,3.14880e+02,3.45450e+02,1.29381e-01,7.46300e+01,3.45579e+02,3.14880e+02,9.99688e-01,-7.04835e-04,2.35414e-02,6.79678e-04,9.99961e-01,1.07390e-03,-2.35208e-02,-1.06034e-03,9.99719e-01,4.20339e+02,4.44965e-01,3.14880e+02,3.45450e+02,1.29381e-01,3.26041e-01,7.46273e+01,3.45385e+02,5.94842e-02,-8.12835e+00,-2.83273e-01,0,6929,1,6.57000e+01,1.05000e+02,0.00000e+00,6.57000e+01
1.75678e-01,7.22899e+01,3.47923e+02,-1.67854e-02,-8.87467e-20,5.02463e-02,-5.99468e-04,-1.53046e-04,1.55325e-03,9.87203e-07,-4.61060e-05,-8.84862e-07,-5.99468e-04,-1.53046e-04,1.55325e-03,3.18144e+02,3.48065e+02,1.60879e-02,7.22911e+01,3.48081e+02,3.18144e+02,9.99759e-01,-2.24636e-03,2.13375e-02,2.23288e-03,9.99979e-01,6.00751e-04,-2.13193e-02,-5.47283e-04,9.99775e-01,4.20389e+02,4.40420e-01,3.18144e+02,3.48065e+02,1.60879e-02,1.75678e-01,7.22899e+01,3.47923e+02,1.59471e-01,-7.44789e+00,-1.42939e-01,0,6935,1,6.66000e+01,1.05000e+02,0.00000e+00,6.66000e+01
2.74241e-02,6.99992e+01,3.50957e+02,-1.81940e-02,-1.24678e-19,5.16574e-02,-6.01235e-04,-1.68077e-04,1.57119e-03,1.21379e-06,-4.23257e-05,-9.72981e-08,-6.01235e-04,-1.68077e-04,1.57119e-03,3.21912e+02,3.51188e+02,-1.01983e-01,6.99993e+01,3.51086e+02,3.21912e+02,9.99816e-01,-2.89410e-03,1.93508e-02,2.89104e-03,9.99993e-01,1.52779e-04,-1.93374e-02,-8.17367e-05,9.99821e-01,4.20984e+02,4.35856e-01,3.21912e+02,3.51188e+02,-1.01983e-01,2.74241e-02,6.99992e+01,3.50957e+02,1.96074e-01,-6.83722e+00,-1.57174e-02,0,6935,1,6.75000e+01,1.05000e+02,0.00000e+00,6.75000e+01
-9.82610e-02,6.76646e+01,3.53944e+02,-1.96235e-02,-1.58298e-19,5.30862e-02,-6.02766e-04,-1.83282e-04,1.58892e-03,1.08230e-06,-3.88200e-05,5.40157e-07,-6.02766e-04,-1.83282e-04,1.58892e-03,3.25666e+02,3.54254e+02,-2.04064e-01,6.76640e+01,3.54050e+02,3.25666e+02,9.99856e-01,-2.63953e-03,1.75718e-02,2.64407e-03,1.00000e+00,-2.21449e-04,-1.75641e-02,2.87643e-04,9.99856e-01,4.21510e+02,4.31365e-01,3.25666e+02,3.54254e+02,-2.04064e-01,-9.82610e-02,6.76646e+01,3.53944e+02,1.74834e-01,-6.27092e+00,8.72562e-02,0,6935,1,6.84000e+01,1.05000e+02,0.00000e+00,6.84000e+01
-2.01377e-01,6.52861e+01,3.56884e+02,-2.10739e-02,-1.89606e-19,5.45328e-02,-6.04059e-04,-1.98661e-04,1.60647e-03,5.92741e-07,-3.55890e-05,1.02750e-06,-6.04059e-04,-1.98661e-04,1.60647e-03,3.29407e+02,3.57264e+02,-2.90154e-01,6.52854e+01,3.56974e+02,3.29407e+02,9.99880e-01,-1.48265e-03,1.60005e-02,1.49198e-03,1.00000e+00,-5.21935e-04,-1.59995e-02,5.60855e-04,9.99879e-01,4.21969e+02,4.26947e-01,3.29407e+02,3.57264e+02,-2.90154e-01,-2.01377e-01,6.52861e+01,3.56884e+02,9.57504e-02,-5.74899e+00,1.65981e-01,0,6935,1,6.93000e+01,1.05000e+02,0.00000e+00,6.93000e+01
-2.76155e-01,6.27998e+01,3.59465e+02,-2.25448e-02,-2.18606e-19,5.59963e-02,-6.04551e-04,-2.14081e-04,1.62242e-03,-1.98776e-07,-3.26179e-05,1.30008e-06,-6.04551e-04,-2.14081e-04,1.62242e-03,3.32845e+02,3.59898e+02,-3.54065e-01,6.27995e+01,3.59544e+02,3.32845e+02,9.99888e-01,4.57017e-04,1.46357e-02,-4.46074e-04,9.99993e-01,-7.11904e-04,-1.46416e-02,7.04661e-04,9.99891e-01,4.21989e+02,4.22596e-01,3.32845e+02,3.59898e+02,-3.54065e-01,-2.76155e-01,6.27998e+01,3.59465e+02,-3.21099e-02,-5.26905e+00,2.10013e-01,0,6930,1,7.02000e+01,1.05000e+02,0.00000e+00,7.02000e+01
-2.39066e-01,5.93877e+01,3.57521e+02,-2.40222e-02,-2.61426e-19,5.74551e-02,-5.96723e-04,-2.27604e-04,1.61798e-03,-3.03303e-07,-2.96152e-05,5.99849e-07,-5.96723e-04,-2.27604e-04,1.61798e-03,3.32095e+02,3.57891e+02,-3.03781e-01,5.93868e+01,3.57587e+02,3.32095e+02,9.99914e-01,9.54995e-04,1.33655e-02,-9.48519e-04,1.00000e+00,-3.49523e-04,-1.33689e-02,3.38848e-04,9.99908e-01,4.16670e+02,4.18228e-01,3.32095e+02,3.57891e+02,-3.03781e-01,-2.39066e-01,5.93877e+01,3.57521e+02,-4.89951e-02,-4.78400e+00,9.68987e-02,0,6930,1,7.11000e+01,1.05000e+02,0.00000e+00,7.11000e+01
-1.72486e-01,5.60542e+01,3.55822e+02,-2.55067e-02,-3.32179e-19,5.89111e-02,-5.89216e-04,-2.41146e-04,1.61456e-03,-3.66386e-07,-2.67226e-05,6.77170e-09,-5.89216e-04,-2.41146e-04,1.61456e-03,3.31566e+02,3.56102e+02,-2.25543e-01,5.60531e+01,3.55876e+02,3.31566e+02,9.99933e-01,1.28173e-03,1.21267e-02,-1.27899e-03,1.00001e+00,-3.96023e-05,-1.21276e-02,2.69877e-05,9.99924e-01,4.11704e+02,4.13925e-01,3.31566e+02,3.56102e+02,-2.25543e-01,-1.72486e-01,5.60542e+01,3.55822e+02,-5.91854e-02,-4.31673e+00,1.09389e-03,0,6930,1,7.20000e+01,1.05000e+02,0.00000e+00,7.20000e+01
-7.64149e-02,5.27993e+01,3.54368e+02,-2.69982e-02,-4.30866e-19,6.03643e-02,-5.82031e-04,-2.54706e-04,1.61215e-03,-3.88025e-07,-2.39399e-05,-4.79149e-07,-5.82031e-04,-2.54706e-04,1.61215e-03,3.31260e+02,3.54531e+02,-1.19351e-01,5.27983e+01,3.54412e+02,3.31260e+02,9.99946e-01,1.43722e-03,1.09192e-02,-1.43748e-03,1.00001e+00,2.17857e-04,-1.09176e-02,-2.30920e-04,9.99938e-01,4.07091e+02,4.09686e-01,3.31260e+02,3.54531e+02,-1.19351e-01,-7.64149e-02,5.27993e+01,3.54368e+02,-6.26809e-02,-3.86722e+00,-7.74010e-02,0,6930,1,7.29000e+01,1.05000e+02,0.00000e+00,7.29000e+01
4.91480e-02,4.96229e+01,3.53159e+02,-2.84968e-02,-5.57485e-19,6.18148e-02,-5.75169e-04,-2.68283e-04,1.61075e-03,-3.68219e-07,-2.12673e-05,-8.57913e-07,-5.75169e-04,-2.68283e-04,1.61075e-03,3.31175e+02,3.53179e+02,1.47945e-02,4.96224e+01,3.53194e+02,3.31175e+02,9.99953e-01,1.42146e-03,9.74311e-03,-1.42399e-03,1.00000e+00,4.22856e-04,-9.73900e-03,-4.34874e-04,9.99950e-01,4.02831e+02,4.05512e-01,3.31175e+02,3.53179e+02,1.47945e-02,4.91480e-02,4.96229e+01,3.53159e+02,-5.94815e-02,-3.43549e+00,-1.38586e-01,0,6930,1,7.38000e+01,1.05000e+02,0.00000e+00,7.38000e+01
2.04201e-01,4.65252e+01,3.52195e+02,-3.00025e-02,-7.12037e-19,6.32625e-02,-5.68628e-04,-2.81879e-04,1.61036e-03,-3.06970e-07,-1.87048e-05,-1.12952e-06,-5.68628e-04,-2.81879e-04,1.61036e-03,3.31312e+02,3.52045e+02,1.76893e-01,4.65255e+01,3.52222e+02,3.31312e+02,9.99953e-01,1.23447e-03,8.59836e-03,-1.23853e-03,9.99990e-01,5.75393e-04,-8.59177e-03,-5.84875e-04,9.99961e-01,3.98924e+02,4.01402e-01,3.31312e+02,3.52045e+02,1.76893e-01,2.04201e-01,4.65252e+01,3.52195e+02,-4.95875e-02,-3.02154e+00,-1.82461e-01,0,6930,1,7.47000e+01,1.05000e+02,0.00000e+00,7.47000e+01
3.88747e-01,4.35060e+01,3.51476e+02,-3.15153e-02,-8.94523e-19,6.47074e-02,-5.62409e-04,-2.95493e-04,1.61099e-03,-2.04277e-07,-1.62522e-05,-1.29397e-06,-5.62409e-04,-2.95493e-04,1.61099e-03,3.31670e+02,3.51129e+02,3.66946e-01,4.35076e+01,3.51496e+02,3.31670e+02,9.99947e-01,8.76226e-04,7.48496e-03,-8.81085e-04,9.99974e-01,6.75470e-04,-7.47590e-03,-6.80924e-04,9.99971e-01,3.95371e+02,3.97357e-01,3.31670e+02,3.51129e+02,3.66946e-01,3.88747e-01,4.35060e+01,3.51476e+02,-3.29985e-02,-2.62535e+00,-2.09026e-01,0,6930,1,7.56000e+01,1.05000e+02,0.00000e+00,7.56000e+01
2.90021e-01,4.05790e+01,3.52432e+02,-3.30263e-02,-7.61541e-19,6.61640e-02,-5.60064e-04,-3.10656e-04,1.61987e-03,2.15595e-07,-1.40515e-05,-8.70932e-07,-5.60064e-04,-3.10656e-04,1.61987e-03,3.33848e+02,3.52173e+02,2.74306e-01,4.05799e+01,3.52447e+02,3.33848e+02,9.99965e-01,-8.77781e-04,6.44414e-03,8.74642e-04,9.99984e-01,4.65359e-04,-6.43686e-03,-4.60130e-04,9.99979e-01,3.93301e+02,3.92688e-01,3.33848e+02,3.52173e+02,2.74306e-01,2.90021e-01,4.05790e+01,3.52432e+02,3.48270e-02,-2.26985e+00,-1.40689e-01,0,6934,1,7.65000e+01,1.05000e+02,0.00000e+00,7.65000e+01
1.91251e-01,3.76205e+01,3.53400e+02,-3.45389e-02,-6.08167e-19,6.76294e-02,-5.57690e-04,-3.25985e-04,1.62884e-03,4.56906e-07,-1.19793e-05,-4.62970e-07,-5.57690e-04,-3.25985e-04,1.62884e-03,3.36074e+02,3.53230e+02,1.80506e-01,3.76209e+01,3.53410e+02,3.36074e+02,9.99979e-01,-1.86985e-03,5.47038e-03,1.86819e-03,9.99993e-01,2.59745e-04,-5.46498e-03,-2.48258e-04,9.99985e-01,3.91212e+02,3.88007e-01,3.36074e+02,3.53230e+02,1.80506e-01,1.91251e-01,3.76205e+01,3.53400e+02,7.38078e-02,-1.93512e+00,-7.47875e-02,0,6934,1,7.74000e+01,1.05000e+02,0.00000e+00,7.74000e+01
1.03167e-01,3.46283e+01,3.54324e+02,-3.60533e-02,-4.45906e-19,6.91033e-02,-5.55154e-04,-3.41428e-04,1.63764e-03,5.05925e-07,-1.00309e-05,-8.94715e-08,-5.55154e-04,-3.41428e-04,1.63764e-03,3.38290e+02,3.54234e+02,9.62055e-02,3.46283e+01,3.54331e+02,3.38290e+02,9.99989e-01,-2.03977e-03,4.56281e-03,2.03927e-03,9.99998e-01,6.88807e-05,-4.55926e-03,-5.58479e-05,9.99990e-01,3.89055e+02,3.83338e-01,3.38290e+02,3.54234e+02,9.62055e-02,1.03167e-01,3.46283e+01,3.54324e+02,8.17263e-02,-1.62038e+00,-1.44531e-02,0,6934,1,7.83000e+01,1.05000e+02,0.00000e+00,7.83000e+01
2.57675e-02,3.16023e+01,3.55203e+02,-3.75695e-02,-2.74758e-19,7.05857e-02,-5.52457e-04,-3.56983e-04,1.64626e-03,3.62655e-07,-8.20638e-06,2.49561e-07,-5.52457e-04,-3.56983e-04,1.64626e-03,3.40494e+02,3.55186e+02,2.14053e-02,3.16022e+01,3.55208e+02,3.40494e+02,9.99995e-01,-1.38755e-03,3.72145e-03,1.38790e-03,1.00000e+00,-1.07233e-04,-3.71970e-03,1.17098e-04,9.99994e-01,3.86831e+02,3.78682e-01,3.40494e+02,3.55186e+02,2.14053e-02,2.57675e-02,3.16023e+01,3.55203e+02,5.85827e-02,-1.32565e+00,4.03136e-02,0,6934,1,7.92000e+01,1.05000e+02,0.00000e+00,7.92000e+01
-4.09478e-02,2.85424e+01,3.56039e+02,-3.90875e-02,-9.47213e-20,7.20766e-02,-5.49597e-04,-3.72652e-04,1.65471e-03,2.70932e-08,-6.50559e-06,5.54132e-07,-5.49597e-04,-3.72652e-04,1.65471e-03,3.42688e+02,3.56086e+02,-4.38958e-02,2.85424e+01,3.56042e+02,3.42688e+02,9.99995e-01,8.68168e-05,2.94628e-03,-8.59482e-05,9.99999e-01,-2.68598e-04,-2.94628e-03,2.70583e-04,9.99996e-01,3.84540e+02,3.74037e-01,3.42688e+02,3.56086e+02,-4.38958e-02,-4.09478e-02,2.85424e+01,3.56039e+02,4.37659e-03,-1.05090e+00,8.95136e-02,0,6934,1,8.01000e+01,1.05000e+02,0.00000e+00,8.01000e+01
-8.90412e-02,2.54634e+01,3.56012e+02,-4.06030e-02,1.10572e-20,7.35685e-02,-5.45389e-04,-3.87208e-04,1.65905e-03,-1.11989e-07,-5.28599e-06,4.77898e-07,-5.45389e-04,-3.87208e-04,1.65905e-03,3.44043e+02,3.55829e+02,1.85506e-01,2.51866e+01,3.56015e+02,3.44043e+02,1.05074e+00,-4.95527e-02,2.35999e-03,-4.82399e-02,1.04711e+00,-2.02521e-04,-2.39683e-03,2.35159e-04,9.99997e-01,3.81387e+02,3.69507e-01,3.44043e+02,3.55829e+02,1.85506e-01,-8.90412e-02,2.54634e+01,3.56012e+02,-1.80905e-02,-8.53890e-01,7.71989e-02,0,6931,1,8.10000e+01,1.05000e+02,0.00000e+00,8.10000e+01
-1.10297e-01,2.24106e+01,3.55581e+02,-4.21165e-02,7.27771e-20,7.50602e-02,-5.40514e-04,-4.01099e-04,1.66139e-03,-6.03852e-08,-4.35130e-06,2.49192e-07,-5.40514e-04,-4.01099e-04,1.66139e-03,3.44990e+02,3.55121e+02,4.61572e-01,2.18371e+01,3.55583e+02,3.44990e+02,1.10514e+00,-1.03774e-01,1.89970e-03,-9.88381e-02,1.09761e+00,-5.41820e-05,-1.97528e-03,1.24220e-04,9.99998e-01,3.77882e+02,3.65105e-01,3.44990e+02,3.55121e+02,4.61572e-01,-1.10297e-01,2.24106e+01,3.55581e+02,-9.75452e-03,-7.02903e-01,4.02542e-02,0,6931,1,8.19000e+01,1.05000e+02,0.00000e+00,8.19000e+01
-1.06666e-01,1.93872e+01,3.55237e+02,-4.36300e-02,1.36670e-19,7.65551e-02,-5.35685e-04,-4.15009e-04,1.66406e-03,-4.20227e-09,-3.48807e-06,8.33548e-08,-5.35685e-04,-4.15009e-04,1.66406e-03,3.46016e+02,3.54644e+02,5.93652e-01,1.86858e+01,3.55238e+02,3.46016e+02,1.12860e+00,-1.27558e-01,1.49313e-03,-1.20259e-01,1.11939e+00,4.30752e-05,-1.58527e-03,4.34933e-05,9.99999e-01,3.74517e+02,3.60784e-01,3.46016e+02,3.54644e+02,5.93652e-01,-1.06666e-01,1.93872e+01,3.55237e+02,-6.78828e-04,-5.63458e-01,1.34650e-02,0,6931,1,8.28000e+01,1.05000e+02,0.00000e+00,8.28000e+01
-7.81472e-02,1.63931e+01,3.54979e+02,-4.51435e-02,2.02735e-19,7.80531e-02,-5.30903e-04,-4.28938e-04,1.66707e-03,5.65593e-08,-2.69630e-06,-1.96139e-08,-5.30903e-04,-4.28938e-04,1.66707e-03,3.47120e+02,3.54398e+02,5.81747e-01,1.57326e+01,3.54979e+02,3.47120e+02,1.12112e+00,-1.20903e-01,1.14028e-03,-1.12504e-01,1.11244e+00,8.92505e-05,-1.22680e-03,-7.01946e-06,9.99999e-01,3.71294e+02,3.56544e-01,3.47120e+02,3.54398e+02,5.81747e-01,-7.81472e-02,1.63931e+01,3.54979e+02,9.13650e-03,-4.35557e-01,-3.16840e-03,0,6931,1,8.37000e+01,1.05000e+02,0.00000e+00,8.37000e+01
-2.47405e-02,1.34284e+01,3.54807e+02,-4.66571e-02,2.70974e-19,7.95543e-02,-5.26168e-04,-4.42887e-04,1.67041e-03,1.21900e-07,-1.97598e-06,-5.97156e-08,-5.26168e-04,-4.42887e-04,1.67041e-03,3.48303e+02,3.54381e+02,4.25856e-01,1.29775e+01,3.54807e+02,3.48303e+02,1.08270e+00,-8.38097e-02,8.41140e-04,-7.55721e-02,1.07678e+00,8.43448e-05,-8.99873e-04,-2.73196e-05,1.00000e+00,3.68211e+02,3.52385e-01,3.48303e+02,3.54381e+02,4.25856e-01,-2.47405e-02,1.34284e+01,3.54807e+02,1.96916e-02,-3.19197e-01,-9.64636e-03,0,6931,1,8.46000e+01,1.05000e+02,0.00000e+00,8.46000e+01
5.35540e-02,1.04931e+01,3.54722e+02,-4.81707e-02,3.41386e-19,8.10587e-02,-5.21480e-04,-4.56854e-04,1.67408e-03,1.91821e-07,-1.32711e-06,-3.69490e-08,-5.21480e-04,-4.56854e-04,1.67408e-03,3.49566e+02,3.54596e+02,1.25979e-01,1.04205e+01,3.54722e+02,3.49566e+02,1.01334e+00,-1.62783e-02,5.95718e-04,-9.46317e-03,1.01239e+00,2.83574e-05,-6.04489e-04,-1.74064e-05,1.00000e+00,3.65268e+02,3.48307e-01,3.49566e+02,3.54596e+02,1.25979e-01,5.35540e-02,1.04931e+01,3.54722e+02,3.09865e-02,-2.14379e-01,-5.96868e-03,0,6931,1,8.55000e+01,1.05000e+02,0.00000e+00,8.55000e+01
8.67763e-02,7.53141e+00,3.54815e+02,-4.96832e-02,3.20625e-19,8.25679e-02,-5.17224e-04,-4.71138e-04,1.67871e-03,4.64844e-07,-7.98862e-07,1.46355e-07,-5.17224e-04,-4.71138e-04,1.67871e-03,3.51061e+02,3.55231e+02,-4.15850e-01,8.03402e+00,3.54815e+02,3.51061e+02,8.94551e-01,9.79864e-02,3.68948e-04,1.07357e-01,9.00184e-01,-6.90552e-05,-3.63631e-04,6.79901e-05,1.00000e+00,3.62433e+02,3.44127e-01,3.51061e+02,3.55231e+02,-4.15850e-01,8.67763e-02,7.53141e+00,3.54815e+02,7.50903e-02,-1.29047e-01,2.36419e-02,0,6933,1,8.64000e+01,1.05000e+02,0.00000e+00,8.64000e+01
9.71454e-02,4.54908e+00,3.54914e+02,-5.11949e-02,2.39125e-19,8.40814e-02,-5.13056e-04,-4.85497e-04,1.68343e-03,7.42063e-07,-3.22131e-07,2.92224e-07,-5.13056e-04,-4.85497e-04,1.68343e-03,3.52606e+02,3.56072e+02,-1.15747e+00,5.80375e+00,3.54914e+02,3.52606e+02,7.27602e-01,2.57772e-01,1.79792e-04,2.68359e-01,7.46151e-01,-1.62805e-04,-1.46405e-04,1.35477e-04,1.00000e+00,3.59560e+02,3.39903e-01,3.52606e+02,3.56072e+02,-1.15747e+00,9.71454e-02,4.54908e+00,3.54914e+02,1.19872e-01,-5.20365e-02,4.72055e-02,0,6933,1,8.73000e+01,1.05000e+02,0.00000e+00,8.73000e+01
9.44086e-02,1.55291e+00,3.54996e+02,-5.27061e-02,1.09959e-19,8.55990e-02,-5.08905e-04,-4.99877e-04,1.68810e-03,9.84544e-07,1.14375e-07,3.73201e-07,-5.08905e-04,-4.99877e-04,1.68810e-03,3.54167e+02,3.57080e+02,-2.08430e+00,3.73168e+00,3.54995e+02,3.54167e+02,5.14697e-01,4.61135e-01,3.37867e-05,4.70566e-01,5.52944e-01,-2.50242e-04,5.23490e-05,1.72191e-04,1.00000e+00,3.56643e+02,3.35659e-01,3.54167e+02,3.57080e+02,-2.08430e+00,9.44086e-02,1.55291e+00,3.54996e+02,1.59042e-01,1.84759e-02,6.02864e-02,0,6933,1,8.82000e+01,1.05000e+02,0.00000e+00,8.82000e+01
7.85659e-02,-1.45717e+00,3.55059e+02,-5.42168e-02,-6.68765e-20,8.71208e-02,-5.04771e-04,-5.14278e-04,1.69272e-03,1.19229e-06,5.10661e-07,3.89287e-07,-5.04771e-04,-5.14278e-04,1.69272e-03,3.55746e+02,3.58255e+02,-3.19636e+00,1.81776e+00,3.55059e+02,3.55746e+02,2.55830e-01,7.08079e-01,-6.90713e-05,7.13981e-01,3.20558e-01,-3.31368e-04,2.32633e-04,1.78134e-04,1.00000e+00,3.53680e+02,3.31395e-01,3.55746e+02,3.58255e+02,-3.19636e+00,7.85659e-02,-1.45717e+00,3.55059e+02,1.92601e-01,8.24914e-02,6.28848e-02,0,6933,1,8.91000e+01,1.05000e+02,0.00000e+00,8.91000e+01
4.96172e-02,-4.48112e+00,3.55104e+02,-5.57269e-02,-2.91379e-19,8.86467e-02,-5.00653e-04,-5.28700e-04,1.69730e-03,1.36530e-06,8.66725e-07,3.40480e-07,-5.00653e-04,-5.28700e-04,1.69730e-03,3.57341e+02,3.59597e+02,-4.49364e+00,6.20334e-02,3.55104e+02,3.57341e+02,-4.89966e-02,9.98603e-01,-1.28780e-04,9.98603e-01,4.89965e-02,-4.06181e-04,3.94445e-04,1.53304e-04,1.00000e+00,3.50672e+02,3.27112e-01,3.57341e+02,3.59597e+02,-4.49364e+00,4.96172e-02,-4.48112e+00,3.55104e+02,2.20549e-01,1.40009e-01,5.50006e-02,0,6933,1,9.00000e+01,1.05000e+02,0.00000e+00,9.00000e+01
